0,1,2,3,4,5,6,7,8,9,10,11,12,13,14,15,16
Y,S,P,T,S,P,A,,,,,,,,,,
Y,E,P,R,S,P,G,G,,,,,,,,,
Y,T,P,Q,S,P,S,,,,,,,,,,
Y,S,P,T,S,P,S,,,,,,,,,,
Y,S,P,T,S,P,S,,,,,,,,,,
Y,S,P,T,S,P,N,,,,,,,,,,
Y,S,P,T,S,P,S,,,,,,,,,,
Y,S,P,T,S,P,S,,,,,,,,,,
Y,S,P,T,S,P,S,,,,,,,,,,
Y,S,P,T,S,P,S,,,,,,,,,,
Y,S,P,T,S,P,S,,,,,,,,,,
Y,S,P,T,S,P,S,,,,,,,,,,
Y,S,P,T,S,P,S,,,,,,,,,,
Y,S,P,T,S,P,S,,,,,,,,,,
Y,S,P,T,S,P,S,,,,,,,,,,
Y,S,P,T,S,P,S,,,,,,,,,,
Y,S,P,T,S,P,S,,,,,,,,,,
Y,S,P,T,S,P,S,,,,,,,,,,
Y,S,P,T,S,P,S,,,,,,,,,,
Y,S,P,T,S,P,S,,,,,,,,,,
Y,S,P,T,S,P,S,,,,,,,,,,
Y,S,P,T,S,P,N,,,,,,,,,,
Y,S,P,T,S,P,N,,,,,,,,,,
Y,T,P,T,S,P,S,,,,,,,,,,
Y,S,P,T,S,P,S,,,,,,,,,,
Y,S,P,T,S,P,N,,,,,,,,,,
Y,T,P,T,S,P,N,,,,,,,,,,
Y,S,P,T,S,P,S,,,,,,,,,,
Y,S,P,T,S,P,S,,,,,,,,,,
Y,S,P,T,S,P,S,,,,,,,,,,
Y,S,P,S,S,P,R,,,,,,,,,,
Y,T,P,Q,S,P,T,,,,,,,,,,
Y,T,P,S,S,P,S,,,,,,,,,,
Y,S,P,S,S,P,S,,,,,,,,,,
Y,S,P,T,S,P,K,,,,,,,,,,
Y,T,P,T,S,P,S,,,,,,,,,,
Y,S,P,S,S,P,E,,,,,,,,,,
Y,T,P,T,S,P,K,,,,,,,,,,
Y,S,P,T,S,P,K,,,,,,,,,,
Y,S,P,T,S,P,K,,,,,,,,,,
Y,S,P,T,S,P,T,,,,,,,,,,
Y,S,P,T,T,P,K,,,,,,,,,,
Y,S,P,T,S,P,T,,,,,,,,,,
Y,S,P,T,S,P,V,,,,,,,,,,
Y,T,P,T,S,P,K,,,,,,,,,,
Y,S,P,T,S,P,T,,,,,,,,,,
Y,S,P,T,S,P,K,,,,,,,,,,
Y,S,P,T,S,P,T,,,,,,,,,,
Y,S,P,T,S,P,K,G,S,T,,,,,,,
Y,S,P,T,S,P,G,,,,,,,,,,
Y,S,P,T,S,P,T,,,,,,,,,,
Y,S,L,T,S,P,A,I,S,P,D,D,S,D,E,E,N
